{
    "name": "pipeline-copytables",
    "properties": {
        "activities": [
            {
                "name": "Get-all-tables-lookup",
                "type": "Lookup",
                "dependsOn": [],
                "policy": {
                    "timeout": "0.12:00:00",
                    "retry": 0,
                    "retryIntervalInSeconds": 30,
                    "secureOutput": false,
                    "secureInput": false
                },
                "userProperties": [],
                "typeProperties": {
                    "source": {
                        "type": "SqlServerSource",
                        "sqlReaderQuery": "SELECT\n    s.name AS SchemaName,\n    t.name AS TableName\nFROM sys.tables t\nINNER JOIN sys.schemas s\n    ON t.schema_id = s.schema_id\nWHERE s.name = 'SalesLT';\n",
                        "queryTimeout": "02:00:00",
                        "partitionOption": "None"
                    },
                    "dataset": {
                        "referenceName": "SqlServerTable1",
                        "type": "DatasetReference"
                    },
                    "firstRowOnly": false
                }
            },
            {
                "name": "ForEach-copytables",
                "type": "ForEach",
                "dependsOn": [
                    {
                        "activity": "Get-all-tables-lookup",
                        "dependencyConditions": [
                            "Succeeded"
                        ]
                    }
                ],
                "userProperties": [],
                "typeProperties": {
                    "items": {
                        "value": "@activity('Get-all-tables-lookup').output.value",
                        "type": "Expression"
                    },
                    "activities": [
                        {
                            "name": "CopyEachTablesForEach",
                            "type": "Copy",
                            "dependsOn": [],
                            "policy": {
                                "timeout": "0.12:00:00",
                                "retry": 0,
                                "retryIntervalInSeconds": 30,
                                "secureOutput": false,
                                "secureInput": false
                            },
                            "userProperties": [],
                            "typeProperties": {
                                "source": {
                                    "type": "SqlServerSource",
                                    "sqlReaderQuery": {
                                        "value": "@{concat('SELECT * FROM ', item().SchemaName, '.', item().TableName)}",
                                        "type": "Expression"
                                    },
                                    "queryTimeout": "02:00:00",
                                    "partitionOption": "None"
                                },
                                "sink": {
                                    "type": "ParquetSink",
                                    "storeSettings": {
                                        "type": "AzureBlobFSWriteSettings"
                                    },
                                    "formatSettings": {
                                        "type": "ParquetWriteSettings"
                                    }
                                },
                                "enableStaging": false,
                                "translator": {
                                    "type": "TabularTranslator",
                                    "typeConversion": true,
                                    "typeConversionSettings": {
                                        "allowDataTruncation": true,
                                        "treatBooleanAsNumber": false
                                    }
                                }
                            },
                            "inputs": [
                                {
                                    "referenceName": "SqlDataForEachCopy",
                                    "type": "DatasetReference",
                                    "parameters": {
                                        "schema": {
                                            "value": "@item().SchemaName",
                                            "type": "Expression"
                                        },
                                        "table": {
                                            "value": "@item().TableName",
                                            "type": "Expression"
                                        }
                                    }
                                }
                            ],
                            "outputs": [
                                {
                                    "referenceName": "ParquetDatasetLayer1",
                                    "type": "DatasetReference",
                                    "parameters": {
                                        "schemaname": {
                                            "value": "@item().SchemaName",
                                            "type": "Expression"
                                        },
                                        "tablename": {
                                            "value": "@item().TableName",
                                            "type": "Expression"
                                        }
                                    }
                                }
                            ]
                        }
                    ]
                }
            },
            {
                "name": "layer-1 to layer-2",
                "type": "DatabricksNotebook",
                "dependsOn": [
                    {
                        "activity": "ForEach-copytables",
                        "dependencyConditions": [
                            "Succeeded"
                        ]
                    }
                ],
                "policy": {
                    "timeout": "0.12:00:00",
                    "retry": 0,
                    "retryIntervalInSeconds": 30,
                    "secureOutput": false,
                    "secureInput": false
                },
                "userProperties": [],
                "typeProperties": {
                    "notebookPath": "/Shared/layer-1 to layer-2"
                },
                "linkedServiceName": {
                    "referenceName": "AzureDatabricks1",
                    "type": "LinkedServiceReference"
                }
            }
        ],
        "annotations": [],
        "lastPublishTime": "2024-12-28T23:08:14Z"
    },
    "type": "Microsoft.DataFactory/factories/pipelines"
}