{
    "now": "2025-01-08T11:15:48.649Z",
    "perfNow": 5388761.800000012,
    "diagnosticCorrelation": "f0e02243-3544-43c6-8483-0a1b287b463e",
    "source": "DownloadSupportFiles",
    "environment": {
        "productName": "adf",
        "buildVersion": "1.0.110124.1",
        "environmentType": 3,
        "resourceName": "Azure-data-factory-2024-demo",
        "resourceRegion": "eastus",
        "resourceGroup": "auto-data-engr-project",
        "subscriptionId": "b3b7f999-74df-486a-b9aa-c5c0d479682f",
        "sessionId": "ZWnbPXAeeGkyXlMc9oUdi/",
        "operationId": "",
        "gitType": "live",
        "loggingKey": "5c487284-7e39-4e68-ab8e-3ad1b65aa393"
    },
    "additionalInfo": {
        "selectedResource": "pipeline-copytables",
        "selectedResourceType": "pipeline"
    }
}